{
    "surface_builder": "minecraft:mycelium",
    "depth": 0.125,
    "scale": 0.05,
    "temperature": 0.8,
    "downfall": 0.4,
    "precipitation": "none",
    "category": "mushroom",
    "effects": {
      "sky_color": 7907327,
      "fog_color": 13299966,
      "water_color": 4159204,
      "water_fog_color": 329011,
      "grass_color": 8758080,
      "foliage_color": 6716978
    },
    "starts": [],
    "spawners": {},
    "spawn_costs": {},
    "carvers": {
      "air": [
        "minecraft:cave",
        "minecraft:canyon"
      ]
    },
    "features": [
      [
        "minecraft:ore_diamond",
        "minecraft:ore_gold",
        "minecraft:ore_lapis",
        "minecraft:ore_iron",
        "minecraft:ore_coal",
        "minecraft:ore_redstone",
        "minecraft:ore_andesite",
        "minecraft:ore_granite",
        "minecraft:ore_diorite",
        "minecraft:ore_dirt",
        "minecraft:ore_gravel",
        "dim_portals:blighted_woods/undead_thicket_terrain_modifier_modified"
      ],
      [
        "dim_portals:dark_thicket/forest_rock"
      ],
      [
        "minecraft:patch_large_fern",
        "minecraft:patch_grass_forest",
        "minecraft:patch_grass_forest",
        "minecraft:patch_tall_grass",
        "minecraft:patch_tall_grass",
        "dim_portals:blighted_woods/undead_thicket_vegetation_modified",
        "dim_portals:blighted_woods/undead_thicket_vegetation_modified",
        "dim_portals:blighted_woods/undead_thicket_vegetation_modified"
      ],
      [
        "dim_portals:blighted_woods/dark_tree_modified"
      ],
      [
        "dim_portals:rotted_pines/blue_mushroom",
        "dim_portals:rotted_pines/small_mushroom",
        "dim_portals:rotted_pines/small_mushroom2",
        "dim_portals:rotted_pines/brown_mushroom",
        "dim_portals:rotted_pines/red_mushroom",
        "dim_portals:rotted_pines/small_mushroom3",
        "dim_portals:rotted_pines/mushroom_patch",
        "dim_portals:rotted_pines/mushroom_patch",
        "dim_portals:rotted_pines/mushroom_patch"
        ]
    ]
  }