{
    "surface_builder": "minecraft:grass",
    "depth": 0.2,
    "scale": 0.05,
    "temperature": 0.8,
    "downfall": 0.4,
    "precipitation": "rain",
    "category": "forest",
    "effects": {
      "sky_color": 7907327,
      "fog_color": 12638463,
      "water_color": 4159204,
      "water_fog_color": 329011,
      "grass_color": 5465640,
      "foliage_color": 6716978
    },
    "starts": [],
    "spawners": {},
    "spawn_costs": {},
    "carvers": {
      "air": [
        "minecraft:canyon",
        "minecraft:cave"
      ]
    },
    "features": [
      [
        "dim_portals:dark_thicket/forest_rock"
      ],
      [
        "minecraft:patch_large_fern",
        "minecraft:patch_grass_forest",
        "minecraft:patch_grass_forest",
        "minecraft:patch_tall_grass",
        "minecraft:patch_tall_grass",
        "dim_portals:dark_thicket/vegetation",
        "dim_portals:dark_thicket/vegetation",
        "dim_portals:dark_thicket/vegetation"      
      ],
      [
        "dim_portals:dark_thicket/terrain_modifier"
      ],
      [
        "minecraft:ore_diamond",
        "minecraft:ore_gold",
        "minecraft:ore_lapis",
        "minecraft:ore_iron",
        "minecraft:ore_coal",
        "minecraft:ore_redstone",
        "minecraft:ore_andesite",
        "minecraft:ore_granite",
        "minecraft:ore_diorite",
        "minecraft:ore_dirt",
        "minecraft:ore_gravel"
      ],
      [],
      [
        "dim_portals:dark_thicket/dark_tree",
        "dim_portals:dark_thicket/podzol_path"
      ],
      []
    ]
  }