{
    "surface_builder": "minecraft:swamp",
    "depth": -0.1,
    "scale": 0.1,
    "temperature": 0.8,
    "downfall": 0.4,
    "precipitation": "rain",
    "category": "swamp",
    "effects": {
      "sky_color": 7907327,
      "fog_color": 12638463,
      "water_color": 9380902,
      "water_fog_color": 329011,
      "grass_color": 9380902,
      "foliage_color": 7085085,
      "grass_color_modifier": "none"
    },
    "starts": [
        "swamp_hut"
    ],
    "spawners": {},
    "spawn_costs": {},
    "carvers": {
      "air": [
        "minecraft:canyon",
        "minecraft:cave"
      ]
    },
    "features": [
      [
        "minecraft:lake_water",
        "minecraft:spring_water",
        "dim_portals:mossy_peat/rock_pile"
      ],
      [
        "minecraft:ore_diamond",
        "minecraft:ore_gold",
        "minecraft:ore_lapis",
        "minecraft:ore_iron",
        "minecraft:ore_coal",
        "minecraft:ore_redstone",
        "minecraft:ore_andesite",
        "minecraft:ore_granite",
        "minecraft:ore_diorite",
        "minecraft:ore_dirt",
        "minecraft:ore_gravel"
      ],
      [],
      [
        "dim_portals:mossy_peat/log1",
        "dim_portals:mossy_peat/log2"
      ],
      [
        "minecraft:patch_tall_grass",
        "minecraft:patch_tall_grass",
        "minecraft:patch_tall_grass",
        "minecraft:patch_large_fern",
        "minecraft:patch_large_fern",
        "minecraft:patch_large_fern",
        "dim_portals:mossy_peat/swamp_tree",
        "dim_portals:mossy_peat/bush",
        "dim_portals:mossy_peat/custom_flora",
        "dim_portals:mossy_peat/roots_rare",
        "minecraft:seagrass_swamp",
        "minecraft:seagrass_swamp",
        "minecraft:seagrass_swamp",
        "minecraft:patch_waterlilly",
        "minecraft:red_mushroom_swamp",
        "minecraft:brown_mushroom_swamp"
      ],
      [
        "minecraft:disk_clay",
        "minecraft:disk_gravel"
      ],
      []
    ]
  }