{
    "surface_builder": "minecraft:mycelium",
    "depth": 0.125,
    "scale": 0.2,
    "temperature": 0.8,
    "downfall": 0.4,
    "precipitation": "none",
    "category": "mushroom",
    "effects": {
      "sky_color": 7907327,
      "fog_color": 13299966,
      "water_color": 4159204,
      "water_fog_color": 329011
    },
    "starts": [],
    "spawners": {},
    "spawn_costs": {},
    "carvers": {
      "air": [
        "minecraft:cave",
        "minecraft:canyon"
      ]
    },
    "features": [
      [
        "minecraft:ore_diamond",
        "minecraft:ore_gold",
        "minecraft:ore_lapis",
        "minecraft:ore_iron",
        "minecraft:ore_coal",
        "minecraft:ore_redstone",
        "minecraft:ore_andesite",
        "minecraft:ore_granite",
        "minecraft:ore_diorite",
        "minecraft:ore_dirt",
        "minecraft:ore_gravel",
        "dim_portals:rotted_pines/coarse_path"
      ],
      [],
      [],
      [],
      [], 
      [
        "dim_portals:forested_alpines/dark_tree_default"
      ],
      [
        "dim_portals:rotted_pines/blue_mushroom",
        "dim_portals:rotted_pines/small_mushroom",
        "dim_portals:rotted_pines/small_mushroom2",
        "dim_portals:rotted_pines/brown_mushroom",
        "dim_portals:rotted_pines/red_mushroom",
        "dim_portals:rotted_pines/small_mushroom3",
        "dim_portals:rotted_pines/mushroom_patch"
        ]
    ]
  }