{
  "surface_builder": "minecraft:swamp",
  "depth": -0.275,
  "scale": 0.035,
  "temperature": 0.8,
  "downfall": 0.4,
  "precipitation": "rain",
  "category": "swamp",
  "effects": {
    "sky_color": 7907327,
    "fog_color": 12638463,
    "water_color": 6388580,
    "water_fog_color": 7360300,
    "foliage_color": 7769936,
    "grass_color_modifier": "swamp"
  },
  "starts": [],
  "spawners": {},
  "spawn_costs": {},
  "carvers": {
    "air": [
      "minecraft:cave",
      "minecraft:canyon"
    ]
  },
  "features": [
    [],
    [],
    [],
    [],
    [],
    [
      "dim_portals:tropical_wetlands/lush_tree_short",
      "dim_portals:tropical_wetlands/lush_tree_medium",
      "dim_portals:tropical_wetlands/lush_tree_tall"
    ],
    [
      "dim_portals:tropical_wetlands/aquatic_vegetation"
    ],
    [
      "dim_portals:tropical_wetlands/terrain_texture"
    ],
    [
      "minecraft:seagrass_swamp",
      "minecraft:seagrass_swamp",
      "minecraft:seagrass_swamp",
      "minecraft:bamboo_vegetation",
      "minecraft:bamboo_vegetation",
      "minecraft:bamboo_vegetation",
      "minecraft:patch_grass_forest",
      "minecraft:patch_tall_grass_2",
      "dim_portals:tropical_wetlands/flowers",
      "dim_portals:tropical_wetlands/bamboo",
      "minecraft:patch_waterlilly"
    ]
  ]
}