{
  "type": "minecraft:decorated",
  "config": {
    "decorator": {
      "type": "minecraft:decorated",
      "config": {
        "outer": {
          "type": "minecraft:count",
          "config": {
            "count": {
              "base": 2,
              "spread": 1
            }
          }
        },
        "inner": {
          "type": "minecraft:decorated",
          "config": {
            "outer": {
              "type": "minecraft:square",
              "config": {}
            },
            "inner": {
              "type": "minecraft:decorated",
              "config": {
                "outer": {
                  "type": "minecraft:heightmap",
                  "config": {}
                },
                "inner": {
                  "type": "minecraft:count",
                  "config": {
                    "count": 15
                  }
                }
              }
            }
          }
        }
      }
    },
    "feature": {
      "type": "minecraft:random_selector",
      "config": {
        "features": [
          {
            "chance": 0.3,
            "feature": {
              "type": "minecraft:tree",
              "config": {
                "max_water_depth": 0,
                "ignore_vines": true,
                "heightmap": "WORLD_SURFACE_WG",
                "minimum_size": {
                  "type": "minecraft:two_layers_feature_size",
                  "min_clipped_height": 0,
                  "limit": 0,
                  "lower_size": 0,
                  "upper_size": 1
                },
                "trunk_provider": {
                  "type": "minecraft:weighted_state_provider",
                  "entries": [
                    {
                      "weight": 3,
                      "data": {
                        "Name": "minecraft:dark_oak_log",
                        "Properties": {
                          "axis": "y"
                        }
                      }
                    },
                    {
                      "weight": 1,
                      "data": {
                        "Name": "minecraft:spruce_log",
                        "Properties": {
                          "axis": "y"
                        }
                      }
                    }
                  ]
                },
                "leaves_provider": {
                  "type": "minecraft:weighted_state_provider",
                  "entries": [
                    {
                      "weight": 3,
                      "data": {
                        "Name": "minecraft:dark_oak_leaves",
                        "Properties": {
                          "persistent": "false",
                          "distance": "1"
                        }
                      }
                    },
                    {
                      "weight": 1,
                      "data": {
                        "Name": "minecraft:birch_leaves",
                        "Properties": {
                          "persistent": "false",
                          "distance": "1"
                        }
                      }
                    }
                  ]
                },
                "trunk_placer": {
                  "type": "minecraft:fancy_trunk_placer",
                  "base_height": 30,
                  "height_rand_a": 0,
                  "height_rand_b": 5
                },
                "foliage_placer": {
                  "type": "minecraft:acacia_foliage_placer",
                  "radius": {
                    "base": 2,
                    "spread": 1
                  },
                  "offset": {
                    "base": 1,
                    "spread": 1
                  }
                },
                "decorators": [
                  {
                    "type": "minecraft:leave_vine"
                  }
                ]
              }
            }
          },
          {
            "chance": 0.2,
            "feature": {
              "type": "minecraft:random_patch",
              "config": {
                "can_replace": false,
                "project": false,
                "need_water": false,
                "xspread": 2,
                "yspread": 2,
                "zspread": 2,
                "tries": 32,
                "state_provider": {
                  "type": "minecraft:weighted_state_provider",
                  "entries": [
                    {
                      "weight": 3,
                      "data": {
                        "Name": "minecraft:dark_oak_wood",
                        "Properties": {
                          "axis": "y"
                        }
                      }
                    },
                    {
                      "weight": 1,
                      "data": {
                        "Name": "minecraft:spruce_wood",
                        "Properties": {
                          "axis": "y"
                        }
                      }
                    }
                  ]
                },
                "block_placer": {
                  "type": "minecraft:column_placer",
                  "min_size": 2,
                  "extra_size": 3
                },
                "whitelist": [
                  {
                    "Name": "minecraft:grass_block",
                    "Properties": {
                      "snowy": "false"
                    }
                  }
                ],
                "blacklist": []
              }
            }
          },
          {
            "chance": 0.2,
            "feature": {
              "type": "minecraft:random_patch",
              "config": {
                "can_replace": false,
                "project": false,
                "need_water": false,
                "xspread": 5,
                "yspread": 2,
                "zspread": 5,
                "tries": 32,
                "state_provider": {
                  "type": "minecraft:weighted_state_provider",
                  "entries": [
                    {
                      "weight": 3,
                      "data": {
                        "Name": "minecraft:dark_oak_wood",
                        "Properties": {
                          "axis": "y"
                        }
                      }
                    },
                    {
                      "weight": 3,
                      "data": {
                        "Name": "minecraft:dark_oak_wood",
                        "Properties": {
                          "axis": "y"
                        }
                      }
                    },
                    {
                      "weight": 1,
                      "data": {
                        "Name": "minecraft:spruce_wood",
                        "Properties": {
                          "axis": "y"
                        }
                      }
                    },
                    {
                      "weight": 1,
                      "data": {
                        "Name": "minecraft:spruce_wood",
                        "Properties": {
                          "axis": "y"
                        }
                      }
                    }
                  ]
                },
                "block_placer": {
                  "type": "minecraft:simple_block_placer"
                },
                "whitelist": [
                  {
                    "Name": "minecraft:grass_block",
                    "Properties": {
                      "snowy": "false"
                    }
                  }
                ],
                "blacklist": []
              }
            }
          }
        ],
        "default": {
          "type": "minecraft:tree",
          "config": {
            "max_water_depth": 0,
            "ignore_vines": true,
            "heightmap": "WORLD_SURFACE_WG",
            "minimum_size": {
              "type": "minecraft:two_layers_feature_size",
              "min_clipped_height": 0,
              "limit": 0,
              "lower_size": 0,
              "upper_size": 1
            },
            "trunk_provider": {
              "type": "minecraft:weighted_state_provider",
              "entries": [
                {
                  "weight": 3,
                  "data": {
                    "Name": "minecraft:dark_oak_log",
                    "Properties": {
                      "axis": "y"
                    }
                  }
                },
                {
                  "weight": 1,
                  "data": {
                    "Name": "minecraft:spruce_log",
                    "Properties": {
                      "axis": "y"
                    }
                  }
                }
              ]
            },
            "leaves_provider": {
              "type": "minecraft:simple_state_provider",
              "state": {
                "Name": "minecraft:air"
              }
            },
            "trunk_placer": {
              "type": "minecraft:giant_trunk_placer",
              "base_height": 20,
              "height_rand_a": 0,
              "height_rand_b": 5
            },
            "foliage_placer": {
              "type": "minecraft:blob_foliage_placer",
              "radius": 0,
              "offset": 0,
              "height": 0
            },
            "decorators": []
          }
        }
      }
    }
  }
}