{
	"__comment": "Designed by CloudWolf with Cubik Studio - https://cubik.studio",
	"textures": {
		"texture": "blocks/dirt"
	},
	"elements": [ 	 
		{
			"__comment": "PlaneX1",
			"from": [ 8, -16, -8 ],
			"to": [ 8.001, 32, 24 ],
			"faces": {
				"west": { "uv": [ 0, 0, 16, 16 ], "texture": "#texture" },
				"east": { "uv": [ 0, 0, 16, 16 ], "texture": "#texture" }
			}
		}
	],
	"display": {
		"fixed": {
			"rotation":  [ 90, 0, 0 ],
			"translation":  [ 0, 16, -90 ],
			"scale":  [ 2, 2, 2 ]
		}
	}
}