{
  "type": "minecraft:decorated",
  "config": {
    "decorator": {
      "type": "minecraft:decorated",
      "config": {
        "outer": {
          "type": "minecraft:count",
          "config": {
            "count": 128
          }
        },
        "inner": {
          "type": "minecraft:decorated",
          "config": {
            "outer": {
              "type": "minecraft:square",
              "config": {}
            },
            "inner": {
              "type": "minecraft:decorated",
              "config": {
                "outer": {
                  "type": "minecraft:range",
                  "config": {
                    "maximum": 256,
                    "bottom_offset": 0,
                    "top_offset": 0
                  }
                },
                "inner": {
                  "type": "minecraft:decorated",
                  "config": {
                    "outer": {
                      "type": "minecraft:count_noise_biased",
                      "config": {
                        "noise_to_count_ratio": 1,
                        "noise_factor": 120,
                        "noise_offset": 0.1
                      }
                    },
                    "inner": {
                      "type": "minecraft:count_noise_biased",
                      "config": {
                        "noise_to_count_ratio": -1,
                        "noise_factor": 120,
                        "noise_offset": -0.1
                      }
                    }
                  }
                }
              }
            }
          }
        }
      }
    },
    "feature": {
      "type": "minecraft:random_selector",
      "config": {
        "features": [
          {
            "chance": 0.2,
            "feature": {
              "type": "minecraft:ore",
              "config": {
                "state": {
                  "Name": "minecraft:brown_mushroom",
                  "Properties": {
                    "up": "true",
                    "down": "false",
                    "east": "true",
                    "west": "true",
                    "north": "true",
                    "south": "true"
                  }
                },
                "size": 3,
                "target": {
                  "predicate_type": "minecraft:blockstate_match",
                  "block_state": {
                    "Name": "minecraft:mycelium",
                    "Properties": {
                      "snowy": "false"
                    }
                  }
                }
              }
            }
          }
        ],
        "default": {
          "type": "minecraft:ore",
          "config": {
            "state": {
              "Name": "minecraft:coarse_dirt"
            },
            "size": 32,
            "target": {
              "predicate_type": "minecraft:blockstate_match",
              "block_state": {
                "Name": "minecraft:mycelium",
                "Properties": {
                  "snowy": "false"
                }
              }
            }
          }
        }
      }
    }
  }
}