{
  "type": "minecraft:decorated",
  "config": {
    "decorator": {
      "type": "minecraft:decorated",
      "config": {
        "outer": {
          "type": "minecraft:count",
          "config": {
            "count": {
              "base": 2,
              "spread": 1
            }
          }
        },
        "inner": {
          "type": "minecraft:decorated",
          "config": {
            "outer": {
              "type": "minecraft:square",
              "config": {}
            },
            "inner": {
              "type": "minecraft:heightmap",
              "config": {}
            }
          }
        }
      }
    },
    "feature": {
      "type": "minecraft:huge_red_mushroom",
      "config": {
        "cap_provider": {
          "type": "minecraft:simple_state_provider",
          "state": {
            "Name": "minecraft:red_mushroom_block",
            "Properties": {
              "up": "true",
              "down": "true",
              "east": "true",
              "west": "true",
              "north": "true",
              "south": "true"
            }
          }
        },
        "stem_provider": {
          "type": "minecraft:simple_state_provider",
          "state": {
            "Name": "minecraft:mushroom_stem",
            "Properties": {
              "up": "false",
              "down": "false",
              "east": "true",
              "west": "true",
              "north": "true",
              "south": "true"
            }
          }
        },
        "foliage_radius": 2
      }
    }
  }
}