{
  "type": "minecraft:decorated",
  "config": {
    "decorator": {
      "type": "minecraft:decorated",
      "config": {
        "outer": {
          "type": "minecraft:heightmap",
          "config": {}
        },
        "inner": {
          "type": "minecraft:decorated",
          "config": {
            "outer": {
              "type": "minecraft:count",
              "config": {
                "count": {
                  "base": 1,
                  "spread": 2
                }
              }
            },
            "inner": {
              "type": "minecraft:square",
              "config": {}
            }
          }
        }
      }
    },
    "feature": {
      "type": "minecraft:random_patch",
      "config": {
        "can_replace": false,
        "project": false,
        "need_water": false,
        "xspread": 7,
        "yspread": 3,
        "zspread": 7,
        "tries": 20,
        "state_provider": {
          "type": "minecraft:weighted_state_provider",
          "entries": [
            {
              "weight": 3,
              "data": {
                "Name": "minecraft:oak_leaves",
                "Properties": {
                  "persistent": "true",
                  "distance": "1"
                }
              }
            },
            {
              "weight": 1,
              "data": {
                "Name": "minecraft:birch_leaves",
                "Properties": {
                  "persistent": "true",
                  "distance": "1"
                }
              }
            }
          ]
        },
        "block_placer": {
          "type": "minecraft:simple_block_placer"
        },
        "whitelist": [
          {
            "Name": "minecraft:grass_block",
            "Properties": {
              "snowy": "false"
            }
          }
        ],
        "blacklist": []
      }
    }
  }
}