{
  "type": "minecraft:decorated",
  "config": {
    "decorator": {
      "type": "minecraft:decorated",
      "config": {
        "outer": {
          "type": "minecraft:chance",
          "config": {
            "chance": 16
          }
        },
        "inner": {
          "type": "minecraft:square",
          "config": {}
        }
      }
    },
    "feature": {
      "type": "minecraft:tree",
      "config": {
        "max_water_depth": 0,
        "ignore_vines": true,
        "heightmap": "WORLD_SURFACE",
        "minimum_size": {
          "type": "minecraft:two_layers_feature_size",
          "min_clipped_height": 1,
          "limit": 1,
          "lower_size": 1,
          "upper_size": 2
        },
        "trunk_provider": {
          "type": "minecraft:simple_state_provider",
          "state": {
            "Name": "minecraft:oak_log",
            "Properties": {
              "axis": "y"
            }
          }
        },
        "leaves_provider": {
          "type": "minecraft:simple_state_provider",
          "state": {
            "Name": "minecraft:oak_leaves",
            "Properties": {
              "distance": "1",
              "persistent": "false"
            }
          }
        },
        "trunk_placer": {
          "type": "minecraft:straight_trunk_placer",
          "base_height": 13,
          "height_rand_a": 3,
          "height_rand_b": 0
        },
        "foliage_placer": {
          "type": "minecraft:mega_pine_foliage_placer",
          "radius": {
            "base": 0,
            "spread": 1
          },
          "offset": 0,
          "crown_height": {
            "base": 11,
            "spread": 2
          }
        },
        "decorators": []
      }
    }
  }
}