{
    "type": "minecraft:decorated",
    "config": {
      "decorator": {
        "type": "minecraft:decorated",
        "config": {
          "outer": {
            "type": "minecraft:count",
            "config": {
              "count": {
                "base": 1,
                "spread": 1
              }
            }
          },
          "inner": {
            "type": "minecraft:decorated",
            "config": {
              "outer": {
                "type": "minecraft:square",
                "config": {}
              },
              "inner": {
                "type": "minecraft:heightmap",
                "config": {}
              }
            }
          }
        }
      },
      "feature": {
        "type": "minecraft:random_patch",
        "config": {
          "can_replace": false,
          "project": false,
          "need_water": false,
          "xspread": 7,
          "yspread": 3,
          "zspread": 7,
          "tries": 5,
          "state_provider": {
            "type": "minecraft:simple_state_provider",
            "state": {
              "Name": "minecraft:crimson_fungus"
            }
          },
          "block_placer": {
            "type": "minecraft:simple_block_placer"
          },
          "whitelist": [],
          "blacklist": []
        }
      }
    }
  }