{
    "type": "minecraft:decorated",
    "config": {
      "decorator": {
        "type": "minecraft:decorated",
        "config": {
          "outer": {
            "type": "minecraft:count",
            "config": {
              "count": {
                "base": 0,
                "spread": 3
              }
            }
          },
          "inner": {
            "type": "minecraft:decorated",
            "config": {
              "outer": {
                "type": "minecraft:square",
                "config": {}
              },
              "inner": {
                "type": "minecraft:count",
                "config": {
                  "count": 5
                }
              }
            }
          }
        }
      },
      "feature": {
        "type": "minecraft:random_selector",
        "config": {
          "features": [
            {
              "chance": 0.3,
              "feature": {
                "type": "minecraft:tree",
                "config": {
                  "max_water_depth": 2,
                  "ignore_vines": true,
                  "heightmap": "OCEAN_FLOOR_WG",
                  "minimum_size": {
                    "type": "minecraft:two_layers_feature_size",
                    "min_clipped_height": 1,
                    "limit": 1,
                    "lower_size": 1,
                    "upper_size": 2
                  },
                  "trunk_provider": {
                    "type": "minecraft:simple_state_provider",
                    "state": {
                      "Name": "minecraft:acacia_wood",
                      "Properties": {
                        "axis": "y"
                      }
                    }
                  },
                  "leaves_provider": {
                    "type": "minecraft:simple_state_provider",
                    "state": {
                      "Name": "minecraft:acacia_wood",
                      "Properties": {
                        "axis": "y"
                      }
                    }
                  },
                  "trunk_placer": {
                    "type": "minecraft:straight_trunk_placer",
                    "base_height": 2,
                    "height_rand_a": 0,
                    "height_rand_b": 0
                  },
                  "foliage_placer": {
                    "type": "minecraft:fancy_foliage_placer",
                    "radius": 1,
                    "offset": 0,
                    "height": 3
                  },
                  "decorators": []
                }
              }
            }
          ],
          "default": {
            "type": "minecraft:tree",
            "config": {
              "max_water_depth": 2,
              "ignore_vines": true,
              "heightmap": "OCEAN_FLOOR_WG",
              "minimum_size": {
                "type": "minecraft:two_layers_feature_size",
                "min_clipped_height": 1,
                "limit": 1,
                "lower_size": 1,
                "upper_size": 2
              },
              "trunk_provider": {
                "type": "minecraft:simple_state_provider",
                "state": {
                  "Name": "minecraft:acacia_wood",
                  "Properties": {
                    "axis": "y"
                  }
                }
              },
              "leaves_provider": {
                "type": "minecraft:simple_state_provider",
                "state": {
                  "Name": "minecraft:oak_leaves",
                  "Properties": {
                    "distance": "1",
                    "persistent": "false"
                  }
                }
              },
              "trunk_placer": {
                "type": "minecraft:forking_trunk_placer",
                "base_height": 6,
                "height_rand_a": 2,
                "height_rand_b": 2
              },
              "foliage_placer": {
                "type": "minecraft:acacia_foliage_placer",
                "radius": 2,
                "offset": 0
              },
              "decorators": [
                {
                  "type": "minecraft:leave_vine"
                }
              ]
            }
          }
        }
      }
    }
  }