{
    "type": "minecraft:decorated",
    "config": {
      "decorator": {
        "type": "minecraft:decorated",
        "config": {
          "outer": {
            "type": "minecraft:chance",
            "config": {
              "chance": 3
            }
          },
          "inner": {
            "type": "minecraft:decorated",
            "config": {
              "outer": {
                "type": "minecraft:square",
                "config": {}
              },
              "inner": {
                "type": "minecraft:decorated",
                "config": {
                  "outer": {
                    "type": "minecraft:count",
                    "config": {
                      "count": 2
                    }
                  },
                  "inner": {
                    "type": "minecraft:heightmap",
                    "config": {}
                  }
                }
              }
            }
          }
        }
      },
      "feature": {
        "type": "minecraft:block_pile",
        "config": {
          "state_provider": {
            "type": "minecraft:weighted_state_provider",
            "entries": [
              {
                "weight": 1,
                "data": {
                  "Name": "minecraft:mossy_cobblestone"
                }
              },
              {
                "weight": 2,
                "data": {
                  "Name": "minecraft:stone"
                }
              },
              {
                "weight": 2,
                "data": {
                  "Name": "minecraft:cobblestone"
                }
              }
            ]
          }
        }
      }
    }
  }