{
  "type": "minecraft:decorated",
  "config": {
    "decorator": {
      "type": "minecraft:decorated",
      "config": {
        "outer": {
          "type": "minecraft:chance",
          "config": {
            "chance": 3
          }
        },
        "inner": {
          "type": "minecraft:decorated",
          "config": {
            "outer": {
              "type": "minecraft:square",
              "config": {}
            },
            "inner": {
              "type": "minecraft:count",
              "config": {
                "count": 10
              }
            }
          }
        }
      }
    },
    "feature": {
      "type": "minecraft:random_selector",
      "config": {
        "features": [
          {
            "chance": 0.9,
            "feature": {
              "type": "minecraft:tree",
              "config": {
                "max_water_depth": 1,
                "ignore_vines": false,
                "heightmap": "WORLD_SURFACE_WG",
                "minimum_size": {
                  "type": "minecraft:two_layers_feature_size",
                  "min_clipped_height": 1,
                  "limit": 1,
                  "lower_size": 1,
                  "upper_size": 2
                },
                "trunk_provider": {
                  "type": "minecraft:simple_state_provider",
                  "state": {
                    "Name": "minecraft:oak_wood",
                    "Properties": {
                      "axis": "y"
                    }
                  }
                },
                "leaves_provider": {
                  "type": "minecraft:simple_state_provider",
                  "state": {
                    "Name": "minecraft:oak_leaves",
                    "Properties": {
                      "distance": "1",
                      "persistent": "false"
                    }
                  }
                },
                "trunk_placer": {
                  "type": "minecraft:forking_trunk_placer",
                  "base_height": 10,
                  "height_rand_a": 1,
                  "height_rand_b": 1
                },
                "foliage_placer": {
                  "type": "minecraft:fancy_foliage_placer",
                  "radius": 1,
                  "offset": 0,
                  "height": 5
                },
                "decorators": []
              }
            }
          }
        ],
        "default": {
          "type": "minecraft:tree",
          "config": {
            "max_water_depth": 1,
            "ignore_vines": false,
            "heightmap": "WORLD_SURFACE_WG",
            "minimum_size": {
              "type": "minecraft:two_layers_feature_size",
              "min_clipped_height": 1,
              "limit": 1,
              "lower_size": 1,
              "upper_size": 2
            },
            "trunk_provider": {
              "type": "minecraft:simple_state_provider",
              "state": {
                "Name": "minecraft:oak_wood",
                "Properties": {
                  "axis": "y"
                }
              }
            },
            "leaves_provider": {
              "type": "minecraft:weighted_state_provider",
              "entries": [
                {
                  "weight": 1,
                  "data": {
                    "Name": "minecraft:oak_wood",
                    "Properties": {
                      "axis": "y"
                    }
                  }
                },
                {
                  "weight": 1,
                  "data": {
                    "Name": "minecraft:air"
                  }
                }
              ]
            },
            "trunk_placer": {
              "type": "minecraft:straight_trunk_placer",
              "base_height": 1,
              "height_rand_a": 0,
              "height_rand_b": 0
            },
            "foliage_placer": {
              "type": "minecraft:fancy_foliage_placer",
              "radius": 1,
              "offset": 0,
              "height": 3
            },
            "decorators": []
          }
        }
      }
    }
  }
}